idx,dis,dis_value,par,q_home,q_away
1,1798,,,,
2,,,,0,0
3,,,,0,0
4,1321,,1,,
5,,,1,0.5,0.5
6,2119,,4,,
7,240,,4,,
8,,,6,1.0,0.0
9,,,6,0.888888888889,0.111111111111
10,320,,7,,
11,,,7,0.0,1.0
12,400,,10,,
13,,,10,0.5,0.5
14,,,12,1.0,0.0
15,,,12,0.5,0.5
